{"cameraMode":{"drawMode":0,"name":"Shaded","section":"Shading Mode"},"sceneLighting":true,"audioPlay":false,"sceneViewState":{"m_AlwaysRefresh":false,"showFog":true,"showSkybox":true,"showFlares":true,"showImageEffects":true,"showParticleSystems":true,"showVisualEffectGraphs":true,"m_FxEnabled":true},"in2DMode":false,"pivot":{"x":2.972628116607666,"y":2.963407278060913,"z":0.5842626094818115},"rotation":{"x":0.19642840325832368,"y":-0.030395302921533586,"z":0.006092443130910397,"w":0.9800323247909546},"size":7.072141170501709,"orthographic":false}