{"cameraMode":{"drawMode":0,"name":"Shaded","section":"Shading Mode"},"sceneLighting":true,"audioPlay":false,"sceneViewState":{"m_AlwaysRefresh":false,"showFog":true,"showSkybox":true,"showFlares":true,"showImageEffects":true,"showParticleSystems":true,"showVisualEffectGraphs":true,"m_FxEnabled":true},"in2DMode":false,"pivot":{"x":6.568131446838379,"y":-7.135993957519531,"z":17.151905059814454},"rotation":{"x":0.14553040266036988,"y":0.15171505510807038,"z":-0.022589171305298806,"w":0.9773982167243958},"size":17.94748878479004,"orthographic":false}